Aarav Kumar,Male,1,A,2018-02-02,Aryan Kumar,Myra Kumar,9879261354,9723547281,456 Lotus Colony, Mumbai,2024-1001,Old Student
Saanvi Sharma,Female,1,A,2018-03-03,Aditya Sharma,Ira Sharma,9873634913,9757622949,789 Green Valley, Bangalore,2024-1002,New Student
Aryan Singh,Male,1,A,2018-04-04,Arjun Singh,Diya Singh,9829215632,9712933737,101 River View, Kolkata,2024-1003,Old Student
Aanya Patel,Female,1,A,2018-05-05,Reyansh Patel,Anika Patel,9835741088,9768689953,202 Hilltop Towers, Chennai,2024-1004,New Student
Aditya Gupta,Male,1,A,2018-06-06,Ishaan Gupta,Siya Gupta,9825633918,9769352187,303 Lakeview Estates, Hyderabad,2024-1005,Old Student
Myra Verma,Female,1,A,2018-07-07,Rohan Verma,Riya Verma,9868516768,9773823460,404 Ocean Breeze, Pune,2024-1006,New Student
Arjun Reddy,Male,1,A,2018-08-08,Krish Reddy,Ananya Reddy,9883979419,9776274483,505 Mountain Vista, Ahmedabad,2024-1007,Old Student
Ira Joshi,Female,1,A,2018-09-09,Dev Joshi,Zara Joshi,9842183215,9720438367,606 Palm Grove, Jaipur,2024-1008,New Student
Reyansh Mehta,Male,1,A,2018-10-10,Aarav Mehta,Saanvi Mehta,9859556272,9758501306,707 Royal Gardens, Lucknow,2024-1009,Old Student
Diya Shah,Female,1,A,2018-11-11,Vihaan Shah,Aanya Shah,9888241223,9789311225,123 Sunshine Apartments, Delhi,2024-1010,New Student
Aarav Kumar,Male,2,A,2017-12-12,Aryan Kumar,Myra Kumar,9854762232,9752393339,456 Lotus Colony, Mumbai,2024-1011,Old Student
Saanvi Sharma,Female,2,A,2017-01-13,Aditya Sharma,Ira Sharma,9823432924,9742055743,789 Green Valley, Bangalore,2024-1012,New Student
Aryan Singh,Male,2,A,2017-02-14,Arjun Singh,Diya Singh,9839835314,9789332159,101 River View, Kolkata,2024-1013,Old Student
Aanya Patel,Female,2,A,2017-03-15,Reyansh Patel,Anika Patel,9824147385,9754792615,202 Hilltop Towers, Chennai,2024-1014,New Student
Aditya Gupta,Male,2,A,2017-04-16,Ishaan Gupta,Siya Gupta,9881679093,9754437142,303 Lakeview Estates, Hyderabad,2024-1015,Old Student
Myra Verma,Female,2,A,2017-05-17,Rohan Verma,Riya Verma,9887758362,9766935496,404 Ocean Breeze, Pune,2024-1016,New Student
Arjun Reddy,Male,2,A,2017-06-18,Krish Reddy,Ananya Reddy,9824647971,9724127019,505 Mountain Vista, Ahmedabad,2024-1017,Old Student
Ira Joshi,Female,2,A,2017-07-19,Dev Joshi,Zara Joshi,9863748232,9752718731,606 Palm Grove, Jaipur,2024-1018,New Student
Reyansh Mehta,Male,2,A,2017-08-20,Aarav Mehta,Saanvi Mehta,9825447231,9727443916,707 Royal Gardens, Lucknow,2024-1019,Old Student
Diya Shah,Female,2,A,2017-09-21,Vihaan Shah,Aanya Shah,9839352988,9765711823,123 Sunshine Apartments, Delhi,2024-1020,New Student
Aarav Kumar,Male,3,A,2016-10-22,Aryan Kumar,Myra Kumar,9888975317,9783965907,456 Lotus Colony, Mumbai,2024-1021,Old Student
Saanvi Sharma,Female,3,A,2016-11-23,Aditya Sharma,Ira Sharma,9825838381,9735233511,789 Green Valley, Bangalore,2024-1022,New Student
Aryan Singh,Male,3,A,2016-12-24,Arjun Singh,Diya Singh,9867993512,9726224190,101 River View, Kolkata,2024-1023,Old Student
Aanya Patel,Female,3,A,2016-01-25,Reyansh Patel,Anika Patel,9828552193,9726262459,202 Hilltop Towers, Chennai,2024-1024,New Student
Aditya Gupta,Male,3,A,2016-02-26,Ishaan Gupta,Siya Gupta,9881822834,9722339345,303 Lakeview Estates, Hyderabad,2024-1025,Old Student
Myra Verma,Female,3,A,2016-03-27,Rohan Verma,Riya Verma,9856513759,9775336589,404 Ocean Breeze, Pune,2024-1026,New Student
Arjun Reddy,Male,3,A,2016-04-28,Krish Reddy,Ananya Reddy,9829285093,9756855196,505 Mountain Vista, Ahmedabad,2024-1027,Old Student
Ira Joshi,Female,3,A,2016-05-01,Dev Joshi,Zara Joshi,9862528734,9785860734,606 Palm Grove, Jaipur,2024-1028,New Student
Reyansh Mehta,Male,3,A,2016-06-02,Aarav Mehta,Saanvi Mehta,9835775838,9738438159,707 Royal Gardens, Lucknow,2024-1029,Old Student
Diya Shah,Female,3,A,2016-07-03,Vihaan Shah,Aanya Shah,9836378453,9725881457,123 Sunshine Apartments, Delhi,2024-1030,New Student
Aarav Kumar,Male,4,A,2015-08-04,Aryan Kumar,Myra Kumar,9838485287,9753468532,456 Lotus Colony, Mumbai,2024-1031,Old Student
Saanvi Sharma,Female,4,A,2015-09-05,Aditya Sharma,Ira Sharma,9829744973,9784384661,789 Green Valley, Bangalore,2024-1032,New Student
Aryan Singh,Male,4,A,2015-10-06,Arjun Singh,Diya Singh,9838167885,9728864273,101 River View, Kolkata,2024-1033,Old Student
Aanya Patel,Female,4,A,2015-11-07,Reyansh Patel,Anika Patel,9826273873,9766628833,202 Hilltop Towers, Chennai,2024-1034,New Student
Aditya Gupta,Male,4,A,2015-12-08,Ishaan Gupta,Siya Gupta,9839443493,9736183321,303 Lakeview Estates, Hyderabad,2024-1035,Old Student
Myra Verma,Female,4,A,2015-01-09,Rohan Verma,Riya Verma,9843628335,9764511387,404 Ocean Breeze, Pune,2024-1036,New Student
Arjun Reddy,Male,4,A,2015-02-10,Krish Reddy,Ananya Reddy,9836473836,9729485748,505 Mountain Vista, Ahmedabad,2024-1037,Old Student
Ira Joshi,Female,4,A,2015-03-11,Dev Joshi,Zara Joshi,9863836154,9766483516,606 Palm Grove, Jaipur,2024-1038,New Student
Reyansh Mehta,Male,4,A,2015-04-12,Aarav Mehta,Saanvi Mehta,9842525547,9782536372,707 Royal Gardens, Lucknow,2024-1039,Old Student
Diya Shah,Female,4,A,2015-05-13,Vihaan Shah,Aanya Shah,9854836263,9728362726,123 Sunshine Apartments, Delhi,2024-1040,New Student
Aarav Kumar,Male,5,A,2014-06-14,Aryan Kumar,Myra Kumar,9836282647,9754836284,456 Lotus Colony, Mumbai,2024-1041,Old Student
Saanvi Sharma,Female,5,A,2014-07-15,Aditya Sharma,Ira Sharma,9836274736,9736283648,789 Green Valley, Bangalore,2024-1042,New Student
Aryan Singh,Male,5,A,2014-08-16,Arjun Singh,Diya Singh,9836282647,9753826264,101 River View, Kolkata,2024-1043,Old Student
Aanya Patel,Female,5,A,2014-09-17,Reyansh Patel,Anika Patel,9825372836,9725372836,202 Hilltop Towers, Chennai,2024-1044,New Student
Aditya Gupta,Male,5,A,2014-10-18,Ishaan Gupta,Siya Gupta,9836283648,9736283648,303 Lakeview Estates, Hyderabad,2024-1045,Old Student
Myra Verma,Female,5,A,2014-11-19,Rohan Verma,Riya Verma,9836282647,9753826264,404 Ocean Breeze, Pune,2024-1046,New Student
Arjun Reddy,Male,5,A,2014-12-20,Krish Reddy,Ananya Reddy,9825372836,9725372836,505 Mountain Vista, Ahmedabad,2024-1047,Old Student
Ira Joshi,Female,5,A,2014-01-21,Dev Joshi,Zara Joshi,9836283648,9736283648,606 Palm Grove, Jaipur,2024-1048,New Student
Reyansh Mehta,Male,5,A,2014-02-22,Aarav Mehta,Saanvi Mehta,9836282647,9753826264,707 Royal Gardens, Lucknow,2024-1049,Old Student
Diya Shah,Female,5,A,2014-03-23,Vihaan Shah,Aanya Shah,9825372836,9725372836,123 Sunshine Apartments, Delhi,2024-1050,New Student
Aarav Kumar,Male,6,A,2013-04-24,Aryan Kumar,Myra Kumar,9836283648,9736283648,456 Lotus Colony, Mumbai,2024-1051,Old Student
Saanvi Sharma,Female,6,A,2013-05-25,Aditya Sharma,Ira Sharma,9836282647,9753826264,789 Green Valley, Bangalore,2024-1052,New Student
Aryan Singh,Male,6,A,2013-06-26,Arjun Singh,Diya Singh,9825372836,9725372836,101 River View, Kolkata,2024-1053,Old Student
Aanya Patel,Female,6,A,2013-07-27,Reyansh Patel,Anika Patel,9836283648,9736283648,202 Hilltop Towers, Chennai,2024-1054,New Student
Aditya Gupta,Male,6,A,2013-08-28,Ishaan Gupta,Siya Gupta,9836282647,9753826264,303 Lakeview Estates, Hyderabad,2024-1055,Old Student
Myra Verma,Female,6,A,2013-09-01,Rohan Verma,Riya Verma,9825372836,9725372836,404 Ocean Breeze, Pune,2024-1056,New Student
Arjun Reddy,Male,6,A,2013-10-02,Krish Reddy,Ananya Reddy,9836283648,9736283648,505 Mountain Vista, Ahmedabad,2024-1057,Old Student
Ira Joshi,Female,6,A,2013-11-03,Dev Joshi,Zara Joshi,9836282647,9753826264,606 Palm Grove, Jaipur,2024-1058,New Student
Reyansh Mehta,Male,6,A,2013-12-04,Aarav Mehta,Saanvi Mehta,9825372836,9725372836,707 Royal Gardens, Lucknow,2024-1059,Old Student
Diya Shah,Female,6,A,2013-01-05,Vihaan Shah,Aanya Shah,9836283648,9736283648,123 Sunshine Apartments, Delhi,2024-1060,New Student
Aarav Kumar,Male,7,A,2012-02-06,Aryan Kumar,Myra Kumar,9836282647,9753826264,456 Lotus Colony, Mumbai,2024-1061,Old Student
Saanvi Sharma,Female,7,A,2012-03-07,Aditya Sharma,Ira Sharma,9825372836,9725372836,789 Green Valley, Bangalore,2024-1062,New Student
Aryan Singh,Male,7,A,2012-04-08,Arjun Singh,Diya Singh,9836283648,9736283648,101 River View, Kolkata,2024-1063,Old Student
Aanya Patel,Female,7,A,2012-05-09,Reyansh Patel,Anika Patel,9836282647,9753826264,202 Hilltop Towers, Chennai,2024-1064,New Student
Aditya Gupta,Male,7,A,2012-06-10,Ishaan Gupta,Siya Gupta,9825372836,9725372836,303 Lakeview Estates, Hyderabad,2024-1065,Old Student
Myra Verma,Female,7,A,2012-07-11,Rohan Verma,Riya Verma,9836283648,9736283648,404 Ocean Breeze, Pune,2024-1066,New Student
Arjun Reddy,Male,7,A,2012-08-12,Krish Reddy,Ananya Reddy,9836282647,9753826264,505 Mountain Vista, Ahmedabad,2024-1067,Old Student
Ira Joshi,Female,7,A,2012-09-13,Dev Joshi,Zara Joshi,9825372836,9725372836,606 Palm Grove, Jaipur,2024-1068,New Student
Reyansh Mehta,Male,7,A,2012-10-14,Aarav Mehta,Saanvi Mehta,9836283648,9736283648,707 Royal Gardens, Lucknow,2024-1069,Old Student
Diya Shah,Female,7,A,2012-11-15,Vihaan Shah,Aanya Shah,9836282647,9753826264,123 Sunshine Apartments, Delhi,2024-1070,New Student
Aarav Kumar,Male,8,A,2011-12-16,Aryan Kumar,Myra Kumar,9825372836,9725372836,456 Lotus Colony, Mumbai,2024-1071,Old Student
Saanvi Sharma,Female,8,A,2011-01-17,Aditya Sharma,Ira Sharma,9836283648,9736283648,789 Green Valley, Bangalore,2024-1072,New Student
Aryan Singh,Male,8,A,2011-02-18,Arjun Singh,Diya Singh,9836282647,9753826264,101 River View, Kolkata,2024-1073,Old Student
Aanya Patel,Female,8,A,2011-03-19,Reyansh Patel,Anika Patel,9825372836,9725372836,202 Hilltop Towers, Chennai,2024-1074,New Student
Aditya Gupta,Male,8,A,2011-04-20,Ishaan Gupta,Siya Gupta,9836283648,9736283648,303 Lakeview Estates, Hyderabad,2024-1075,Old Student
Myra Verma,Female,8,A,2011-05-21,Rohan Verma,Riya Verma,9836282647,9753826264,404 Ocean Breeze, Pune,2024-1076,New Student
Arjun Reddy,Male,8,A,2011-06-22,Krish Reddy,Ananya Reddy,9825372836,9725372836,505 Mountain Vista, Ahmedabad,2024-1077,Old Student
Ira Joshi,Female,8,A,2011-07-23,Dev Joshi,Zara Joshi,9836283648,9736283648,606 Palm Grove, Jaipur,2024-1078,New Student
Reyansh Mehta,Male,8,A,2011-08-24,Aarav Mehta,Saanvi Mehta,9836282647,9753826264,707 Royal Gardens, Lucknow,2024-1079,Old Student
Diya Shah,Female,8,A,2011-09-25,Vihaan Shah,Aanya Shah,9825372836,9725372836,123 Sunshine Apartments, Delhi,2024-1080,New Student
Aarav Kumar,Male,9,A,2010-10-26,Aryan Kumar,Myra Kumar,9836283648,9736283648,456 Lotus Colony, Mumbai,2024-1081,Old Student
Saanvi Sharma,Female,9,A,2010-11-27,Aditya Sharma,Ira Sharma,9836282647,9753826264,789 Green Valley, Bangalore,2024-1082,New Student
Aryan Singh,Male,9,A,2010-12-28,Arjun Singh,Diya Singh,9825372836,9725372836,101 River View, Kolkata,2024-1083,Old Student
Aanya Patel,Female,9,A,2010-01-01,Reyansh Patel,Anika Patel,9836283648,9736283648,202 Hilltop Towers, Chennai,2024-1084,New Student
Aditya Gupta,Male,9,A,2010-02-02,Ishaan Gupta,Siya Gupta,9836282647,9753826264,303 Lakeview Estates, Hyderabad,2024-1085,Old Student
Myra Verma,Female,9,A,2010-03-03,Rohan Verma,Riya Verma,9825372836,9725372836,404 Ocean Breeze, Pune,2024-1086,New Student
Arjun Reddy,Male,9,A,2010-04-04,Krish Reddy,Ananya Reddy,9836283648,9736283648,505 Mountain Vista, Ahmedabad,2024-1087,Old Student
Ira Joshi,Female,9,A,2010-05-05,Dev Joshi,Zara Joshi,9836282647,9753826264,606 Palm Grove, Jaipur,2024-1088,New Student
Reyansh Mehta,Male,9,A,2010-06-06,Aarav Mehta,Saanvi Mehta,9825372836,9725372836,707 Royal Gardens, Lucknow,2024-1089,Old Student
Diya Shah,Female,9,A,2010-07-07,Vihaan Shah,Aanya Shah,9836283648,9736283648,123 Sunshine Apartments, Delhi,2024-1090,New Student
Aarav Kumar,Male,10,A,2009-08-08,Aryan Kumar,Myra Kumar,9836282647,9753826264,456 Lotus Colony, Mumbai,2024-1091,Old Student
Saanvi Sharma,Female,10,A,2009-09-09,Aditya Sharma,Ira Sharma,9825372836,9725372836,789 Green Valley, Bangalore,2024-1092,New Student
Aryan Singh,Male,10,A,2009-10-10,Arjun Singh,Diya Singh,9836283648,9736283648,101 River View, Kolkata,2024-1093,Old Student
Aanya Patel,Female,10,A,2009-11-11,Reyansh Patel,Anika Patel,9836282647,9753826264,202 Hilltop Towers, Chennai,2024-1094,New Student
Aditya Gupta,Male,10,A,2009-12-12,Ishaan Gupta,Siya Gupta,9825372836,9725372836,303 Lakeview Estates, Hyderabad,2024-1095,Old Student
Myra Verma,Female,10,A,2009-01-13,Rohan Verma,Riya Verma,9836283648,9736283648,404 Ocean Breeze, Pune,2024-1096,New Student
Arjun Reddy,Male,10,A,2009-02-14,Krish Reddy,Ananya Reddy,9836282647,9753826264,505 Mountain Vista, Ahmedabad,2024-1097,Old Student
Ira Joshi,Female,10,A,2009-03-15,Dev Joshi,Zara Joshi,9825372836,9725372836,606 Palm Grove, Jaipur,2024-1098,New Student
Reyansh Mehta,Male,10,A,2009-04-16,Aarav Mehta,Saanvi Mehta,9836283648,9736283648,707 Royal Gardens, Lucknow,2024-1099,Old Student
Diya Shah,Female,10,A,2009-05-17,Vihaan Shah,Aanya Shah,9836282647,9753826264,123 Sunshine Apartments, Delhi,2024-1100,New Student
Aarav Kumar,Male,11,A,2008-06-18,Aryan Kumar,Myra Kumar,9825372836,9725372836,456 Lotus Colony, Mumbai,2024-1101,Old Student
Saanvi Sharma,Female,11,A,2008-07-19,Aditya Sharma,Ira Sharma,9836283648,9736283648,789 Green Valley, Bangalore,2024-1102,New Student
Aryan Singh,Male,11,A,2008-08-20,Arjun Singh,Diya Singh,9836282647,9753826264,101 River View, Kolkata,2024-1103,Old Student
Aanya Patel,Female,11,A,2008-09-21,Reyansh Patel,Anika Patel,9825372836,9725372836,202 Hilltop Towers, Chennai,2024-1104,New Student
Aditya Gupta,Male,11,A,2008-10-22,Ishaan Gupta,Siya Gupta,9836283648,9736283648,303 Lakeview Estates, Hyderabad,2024-1105,Old Student
Myra Verma,Female,11,A,2008-11-23,Rohan Verma,Riya Verma,9836282647,9753826264,404 Ocean Breeze, Pune,2024-1106,New Student
Arjun Reddy,Male,11,A,2008-12-24,Krish Reddy,Ananya Reddy,9825372836,9725372836,505 Mountain Vista, Ahmedabad,2024-1107,Old Student
Ira Joshi,Female,11,A,2008-01-25,Dev Joshi,Zara Joshi,9836283648,9736283648,606 Palm Grove, Jaipur,2024-1108,New Student
Reyansh Mehta,Male,11,A,2008-02-26,Aarav Mehta,Saanvi Mehta,9836282647,9753826264,707 Royal Gardens, Lucknow,2024-1109,Old Student
Diya Shah,Female,11,A,2008-03-27,Vihaan Shah,Aanya Shah,9825372836,9725372836,123 Sunshine Apartments, Delhi,2024-1110,New Student
Aarav Kumar,Male,12,A,2007-04-28,Aryan Kumar,Myra Kumar,9836283648,9736283648,456 Lotus Colony, Mumbai,2024-1111,Old Student
Saanvi Sharma,Female,12,A,2007-05-01,Aditya Sharma,Ira Sharma,9836282647,9753826264,789 Green Valley, Bangalore,2024-1112,New Student
Aryan Singh,Male,12,A,2007-06-02,Arjun Singh,Diya Singh,9825372836,9725372836,101 River View, Kolkata,2024-1113,Old Student
Aanya Patel,Female,12,A,2007-07-03,Reyansh Patel,Anika Patel,9836283648,9736283648,202 Hilltop Towers, Chennai,2024-1114,New Student
Aditya Gupta,Male,12,A,2007-08-04,Ishaan Gupta,Siya Gupta,9836282647,9753826264,303 Lakeview Estates, Hyderabad,2024-1115,Old Student
Myra Verma,Female,12,A,2007-09-05,Rohan Verma,Riya Verma,9825372836,9725372836,404 Ocean Breeze, Pune,2024-1116,New Student
Arjun Reddy,Male,12,A,2007-10-06,Krish Reddy,Ananya Reddy,9836283648,9736283648,505 Mountain Vista, Ahmedabad,2024-1117,Old Student
Ira Joshi,Female,12,A,2007-11-07,Dev Joshi,Zara Joshi,9836282647,9753826264,606 Palm Grove, Jaipur,2024-1118,New Student
Reyansh Mehta,Male,12,A,2007-12-08,Aarav Mehta,Saanvi Mehta,9825372836,9725372836,707 Royal Gardens, Lucknow,2024-1119,Old Student
Diya Shah,Female,12,A,2007-01-09,Vihaan Shah,Aanya Shah,9836283648,9736283648,123 Sunshine Apartments, Delhi,2024-1120,New Student